"","pairnum","sex","zygosity","moed","faed","faminc","english","math","socsci","natsci","vocab"
"1",1,"2","1","3","4","2",14,13,17,18,14
"2",1,"2","1","3","4","2",11,14,15,10,12
"3",4,"2","1","1","1","1",20,20,16,16,13
"4",4,"2","1","1","1","1",17,19,13,13,14
"5",5,"2","1","1","1","1",11,8,15,16,12
"6",5,"2","1","1","1","1",16,13,13,8,15
"7",7,"1","2","3","2","4",9,19,7,10,6
"8",7,"1","2","3","2","4",8,16,15,17,11
"9",10,"1","2","5","4","3",15,23,23,21,21
"10",10,"1","2","5","4","3",15,13,13,20,19
"11",11,"2","2","4","2","3",20,17,16,12,12
"12",11,"2","2","4","2","3",19,18,13,18,15
"13",12,"1","1","4","6","3",26,20,27,23,28
"14",12,"1","1","4","6","3",25,20,29,24,30
"15",16,"1","1","4","6","5",28,31,31,29,30
"16",16,"1","1","4","6","5",27,28,28,27,30
"17",17,"2","2","5","4","1",24,25,17,21,22
"18",17,"2","2","5","4","1",27,25,22,24,23
"19",19,"1","1","3","2","2",19,19,17,22,16
"20",19,"1","1","3","2","2",19,22,13,14,17
"21",20,"1","1","2","1","2",7,18,15,14,5
"22",20,"1","1","2","1","2",16,15,17,15,7
"23",26,"2","1","3","5","4",22,23,23,24,23
"24",26,"2","1","3","5","4",21,24,24,24,26
"25",27,"2","2","4","1","3",8,7,13,3,10
"26",27,"2","2","4","1","3",16,15,13,14,15
"27",28,"2","1","4","3","2",25,17,21,18,23
"28",28,"2","1","4","3","2",22,13,19,15,19
"29",29,"1","1","4","4","4",21,14,25,23,25
"30",29,"1","1","4","4","4",18,17,17,20,20
"31",30,"2","2","5","3","2",22,21,16,21,27
"32",30,"2","2","5","3","2",24,20,25,18,26
"33",33,"2","2","6","6","2",23,26,25,20,23
"34",33,"2","2","6","6","2",18,13,24,18,22
"35",35,"2","1","2","4","2",18,19,21,20,21
"36",35,"2","1","2","4","2",23,20,16,18,24
"37",36,"1","1","3","5","5",19,25,25,28,26
"38",36,"1","1","3","5","5",23,29,24,23,27
"39",37,"2","1","2","1","1",13,14,14,11,13
"40",37,"2","1","2","1","1",14,12,13,13,16
"41",38,"1","1","6","5","4",10,17,12,20,9
"42",38,"1","1","6","5","4",15,16,21,14,10
"45",42,"1","1","4","4","1",23,11,21,21,21
"46",42,"1","1","4","4","1",24,23,24,21,21
"47",46,"2","1","4","4","4",17,5,14,15,18
"48",46,"2","1","4","4","4",20,13,13,13,18
"49",48,"1","2","4","6","5",20,27,23,23,18
"50",48,"1","2","4","6","5",24,28,28,31,28
"51",49,"2","1","3","4","2",24,30,25,27,28
"52",49,"2","1","3","4","2",27,30,25,28,29
"53",50,"2","1","2","1","3",21,7,19,14,16
"54",50,"2","1","2","1","3",22,14,16,18,15
"57",55,"1","1","4","3","3",27,25,26,25,25
"58",55,"1","1","4","3","3",22,30,25,27,26
"59",57,"2","1","4","3","5",17,11,20,19,18
"60",57,"2","1","4","3","5",20,18,20,19,18
"61",59,"2","1","3","3","3",14,13,17,9,18
"62",59,"2","1","3","3","3",14,14,19,13,18
"63",61,"2","2","3","4","3",23,22,28,26,27
"64",61,"2","2","3","4","3",27,26,26,27,28
"65",63,"2","1","4","2","1",20,20,21,22,24
"66",63,"2","1","4","2","1",24,25,21,23,30
"67",64,"1","1","4","5","6",16,23,20,23,23
"68",64,"1","1","4","5","6",21,27,25,26,25
"69",65,"1","1","4","2","2",17,22,28,25,24
"70",65,"1","1","4","2","2",17,23,26,25,22
"71",67,"1","1","3","3","4",19,23,26,27,26
"72",67,"1","1","3","3","4",17,33,25,25,27
"73",68,"1","1","3","3","1",25,23,22,26,24
"74",68,"1","1","3","3","1",26,30,29,21,24
"75",71,"1","1","2","2","1",23,20,22,18,23
"76",71,"1","1","2","2","1",25,25,27,25,23
"77",72,"2","1","4","4","5",19,29,25,24,28
"78",72,"2","1","4","4","5",27,24,26,24,25
"79",74,"1","1","5","3","2",19,29,25,24,23
"80",74,"1","1","5","3","2",14,25,15,22,18
"81",78,"2","1","5","6","4",27,31,22,26,20
"82",78,"2","1","5","6","4",25,25,26,28,23
"83",79,"1","2","3","4","4",23,32,17,26,22
"84",79,"1","2","3","4","4",18,11,15,14,18
"85",80,"1","1","4","6","4",17,20,22,22,23
"86",80,"1","1","4","6","4",14,21,17,15,21
"87",82,"2","1","3","4","4",25,18,23,17,22
"88",82,"2","1","3","4","4",27,23,28,26,29
"89",83,"2","1","4","5","4",24,26,21,22,22
"90",83,"2","1","4","5","4",26,25,26,24,24
"91",84,"2","2","3","2","6",19,11,17,15,13
"92",84,"2","2","3","2","6",19,24,17,18,18
"93",85,"1","1","4","6","5",24,24,28,26,27
"94",85,"1","1","4","6","5",21,27,29,29,26
"95",88,"2","1","3","4","7",25,19,26,15,25
"96",88,"2","1","3","4","7",25,20,25,25,27
"97",89,"2","2","3","2","4",12,17,15,11,19
"98",89,"2","2","3","2","4",19,17,18,17,19
"99",90,"2","1","3","3","1",11,14,13,8,10
"100",90,"2","1","3","3","1",13,20,16,13,14
"101",91,"1","1","4","6","5",25,25,20,17,21
"102",91,"1","1","4","6","5",22,28,21,20,18
"103",92,"1","2","3","4","4",20,24,27,18,23
"104",92,"1","2","3","4","4",18,17,12,17,24
"105",96,"2","1","4","5","4",23,20,23,21,25
"106",96,"2","1","4","5","4",23,21,26,23,25
"107",97,"2","1","4","3","2",17,20,18,14,18
"108",97,"2","1","4","3","2",19,18,19,21,19
"109",100,"1","2","4","4","3",19,22,26,16,20
"110",100,"1","2","4","4","3",24,26,19,16,21
"111",102,"2","2","3","5","6",28,22,25,26,20
"112",102,"2","2","3","5","6",24,27,22,27,22
"113",103,"2","1","5","5","4",14,11,25,23,30
"114",103,"2","1","5","5","4",20,11,26,18,32
"115",104,"2","1","4","3","7",18,26,21,23,19
"116",104,"2","1","4","3","7",17,23,21,26,20
"117",105,"1","2","6","4","4",24,30,25,29,26
"118",105,"1","2","6","4","4",25,32,29,29,31
"119",106,"1","1","4","4","4",22,22,24,24,22
"120",106,"1","1","4","4","4",22,26,23,23,22
"121",107,"2","1","4","4","5",25,20,24,21,20
"122",107,"2","1","4","4","5",25,26,29,25,23
"123",108,"1","2","4","5","4",23,27,18,16,21
"124",108,"1","2","4","5","4",18,21,12,10,14
"125",109,"1","2","6","5","7",27,34,30,29,32
"126",109,"1","2","6","5","7",28,34,31,30,31
"127",110,"2","1","3","5","1",25,24,29,19,29
"128",110,"2","1","3","5","1",26,24,27,28,29
"129",111,"2","1","4","4","4",23,28,25,23,21
"130",111,"2","1","4","4","4",26,26,24,22,24
"131",112,"1","1","2","1","2",14,26,21,20,21
"132",112,"1","1","2","1","2",13,20,21,12,19
"133",113,"2","2","5","6","3",19,28,18,21,21
"134",113,"2","2","5","6","3",26,29,25,24,24
"135",114,"1","1","2","1","1",14,21,15,17,13
"136",114,"1","1","2","1","1",18,20,18,16,16
"137",115,"1","1","4","5","3",22,21,25,22,22
"138",115,"1","1","4","5","3",21,23,22,20,28
"139",116,"1","1","1","1","1",15,14,14,16,14
"140",116,"1","1","1","1","1",15,14,18,17,15
"141",117,"2","1","3","3","5",20,20,21,19,21
"142",117,"2","1","3","3","5",21,25,20,23,23
"143",118,"2","1","5","4","3",20,19,24,18,21
"144",118,"2","1","5","4","3",19,11,17,21,20
"145",123,"2","2","2","1","2",17,11,11,16,13
"146",123,"2","2","2","1","2",14,17,15,20,18
"149",133,"2","1","4","4","3",17,13,15,18,17
"150",133,"2","1","4","4","3",16,12,17,18,17
"151",134,"1","1","3","4","4",11,6,17,8,16
"152",134,"1","1","3","4","4",15,12,17,21,17
"153",139,"2","2","5","5","5",12,12,13,18,18
"154",139,"2","2","5","5","5",18,13,18,18,20
"155",140,"2","2","5","4","4",21,20,18,24,16
"156",140,"2","2","5","4","4",20,21,14,16,17
"157",142,"1","1","4","5","2",16,25,21,21,18
"158",142,"1","1","4","5","2",15,18,16,21,17
"159",145,"2","1","3","3","3",24,19,24,23,23
"160",145,"2","1","3","3","3",23,19,26,23,27
"161",148,"1","2","4","3","4",16,19,20,9,22
"162",148,"1","2","4","3","4",14,21,18,19,18
"163",149,"2","2","5","5","5",26,33,25,29,25
"164",149,"2","2","5","5","5",27,34,29,31,25
"165",151,"2","1","3","3","4",20,20,19,21,21
"166",151,"2","1","3","3","4",24,20,21,21,21
"167",153,"1","1","3","4","4",20,18,25,15,25
"168",153,"1","1","3","4","4",13,13,16,12,22
"169",154,"2","1","3","2","2",21,20,15,19,17
"170",154,"2","1","3","2","2",15,28,17,23,14
"171",155,"2","1","3","3","7",27,15,25,23,27
"172",155,"2","1","3","3","7",23,19,27,23,28
"173",157,"1","1","6","5","7",30,34,29,31,32
"174",157,"1","1","6","5","7",30,34,32,33,32
"175",160,"1","1","4","4","4",21,11,26,20,22
"176",160,"1","1","4","4","4",24,27,26,29,23
"177",161,"2","2","3","5","3",28,20,24,25,23
"178",161,"2","2","3","5","3",24,25,28,25,27
"179",164,"2","1","5","6","4",19,29,20,18,24
"180",164,"2","1","5","6","4",22,25,24,21,24
"181",165,"2","1","5","6","2",30,32,31,30,28
"182",165,"2","1","5","6","2",30,27,31,28,29
"183",166,"2","2","4","5","5",23,20,22,24,25
"184",166,"2","2","4","5","5",21,18,17,15,18
"185",167,"2","1","4","5","3",25,18,20,23,19
"186",167,"2","1","4","5","3",24,23,23,20,20
"187",168,"2","1","3","3","4",21,24,23,28,25
"188",168,"2","1","3","3","4",22,26,28,29,28
"189",170,"2","2","5","5","3",14,22,20,10,22
"190",170,"2","2","5","5","3",22,17,21,14,23
"191",171,"2","2","3","6","6",20,25,26,23,22
"192",171,"2","2","3","6","6",21,18,19,15,18
"193",173,"1","2","4","1","2",25,23,21,27,22
"194",173,"1","2","4","1","2",20,12,16,21,21
"195",175,"2","2","4","5","4",25,27,18,21,23
"196",175,"2","2","4","5","4",24,21,26,25,26
"197",176,"2","1","5","5","5",23,28,26,25,28
"198",176,"2","1","5","5","5",24,31,24,26,27
"199",177,"2","2","3","4","3",27,24,28,28,25
"200",177,"2","2","3","4","3",30,23,31,28,31
"201",178,"2","1","4","6","5",26,24,32,26,28
"202",178,"2","1","4","6","5",25,29,32,22,30
"203",179,"1","2","3","5","4",19,28,25,25,24
"204",179,"1","2","3","5","4",25,33,28,27,23
"205",182,"2","1","4","3","4",22,20,19,13,12
"206",182,"2","1","4","3","4",20,22,18,20,17
"207",183,"2","1","1","2","2",19,17,18,20,14
"208",183,"2","1","1","2","2",17,18,19,19,16
"209",184,"2","2","5","6","4",19,20,18,22,22
"210",184,"2","2","5","6","4",24,23,21,24,23
"213",190,"1","2","4","5","5",20,30,22,22,24
"214",190,"1","2","4","5","5",24,32,23,21,27
"215",192,"1","1","3","4","4",29,35,30,31,28
"216",192,"1","1","3","4","4",30,30,29,28,30
"217",195,"2","2","5","4","2",24,20,26,20,28
"218",195,"2","2","5","4","2",17,25,16,12,19
"219",198,"1","1","3","3","4",17,20,19,19,19
"220",198,"1","1","3","3","4",16,22,18,18,21
"221",199,"2","1","2","1","2",18,12,17,12,18
"222",199,"2","1","2","1","2",17,18,20,21,20
"223",200,"1","1","3","4","3",13,17,13,12,15
"224",200,"1","1","3","4","3",11,19,12,21,11
"225",203,"2","1","1","1","2",22,23,21,14,27
"226",203,"2","1","1","1","2",24,25,23,23,30
"227",206,"1","2","5","3","4",19,20,27,22,25
"228",206,"1","2","5","3","4",18,17,18,18,22
"229",207,"2","2","3","5","3",26,28,24,25,26
"230",207,"2","2","3","5","3",28,25,25,26,28
"231",209,"2","2","3","5","3",20,24,23,22,23
"232",209,"2","2","3","5","3",25,25,25,20,28
"233",212,"2","1","5","6","4",24,24,24,24,28
"234",212,"2","1","5","6","4",22,29,27,28,25
"237",214,"1","1","3","3","1",14,14,12,13,10
"238",214,"1","1","3","3","1",14,14,18,15,16
"239",215,"1","1","4","2","3",19,12,26,20,26
"240",215,"1","1","4","2","3",21,24,28,21,27
"241",216,"1","1","1","1","1",16,23,24,26,16
"242",216,"1","1","1","1","1",16,20,21,25,14
"243",218,"2","1","6","5","7",15,14,14,23,15
"244",218,"2","1","6","5","7",16,16,17,24,17
"245",220,"1","2","4","5","4",21,27,23,28,23
"246",220,"1","2","4","5","4",26,33,25,30,26
"247",222,"2","2","4","5","4",27,13,23,18,21
"248",222,"2","2","4","5","4",20,16,20,16,25
"249",224,"2","1","6","6","7",30,26,31,27,32
"250",224,"2","1","6","6","7",30,25,29,20,31
"251",226,"1","1","3","3","2",19,31,27,27,25
"252",226,"1","1","3","3","2",22,31,26,31,25
"253",228,"2","2","6","6","4",26,24,23,23,23
"254",228,"2","2","6","6","4",24,27,23,25,24
"257",234,"2","1","5","6","3",27,17,27,22,28
"258",234,"2","1","5","6","3",28,21,22,21,30
"259",235,"1","2","3","3","2",18,25,17,26,18
"260",235,"1","2","3","3","2",23,27,25,27,26
"261",236,"2","1","5","3","4",30,25,22,22,24
"262",236,"2","1","5","3","4",30,25,23,22,25
"263",237,"1","2","1","1","3",28,21,26,26,26
"264",237,"1","2","1","1","3",24,24,32,27,28
"265",238,"2","1","5","3","3",26,28,21,29,23
"266",238,"2","1","5","3","3",26,28,28,28,29
"267",240,"1","1","6","4","3",25,25,25,25,27
"268",240,"1","1","6","4","3",27,29,28,27,27
"269",242,"2","1","3","2","1",12,11,20,14,20
"270",242,"2","1","3","2","1",16,7,24,14,24
"271",243,"2","2","4","6","7",19,19,13,18,18
"272",243,"2","2","4","6","7",15,20,19,21,19
"273",244,"2","1","1","2","4",28,29,28,29,27
"274",244,"2","1","1","2","4",31,34,30,29,30
"275",245,"2","1","3","4","4",28,28,26,25,27
"276",245,"2","1","3","4","4",30,29,26,25,28
"277",248,"1","1","3","4","5",25,30,24,26,22
"278",248,"1","1","3","4","5",23,31,25,27,24
"279",250,"2","2","4","4","4",15,18,10,18,15
"280",250,"2","2","4","4","4",18,18,16,9,17
"281",253,"1","1","2","1","2",23,24,23,24,22
"282",253,"1","1","2","1","2",22,27,27,26,23
"283",255,"1","1","4","6","3",21,22,24,21,24
"284",255,"1","1","4","6","3",25,30,25,22,20
"287",262,"2","2","5","4","5",21,18,23,21,16
"288",262,"2","2","5","4","5",25,32,21,25,22
"289",263,"1","1","3","3","4",14,23,17,16,10
"290",263,"1","1","3","3","4",17,22,15,13,15
"291",265,"2","1","1","1","2",22,12,25,18,22
"292",265,"2","1","1","1","2",20,10,21,22,22
"293",266,"2","1","1","1","1",24,23,23,23,21
"294",266,"2","1","1","1","1",24,27,24,25,24
"295",268,"2","2","1","2","1",18,17,15,12,12
"296",268,"2","2","1","2","1",20,18,16,14,14
"297",269,"2","1","3","3","3",19,17,16,13,14
"298",269,"2","1","3","3","3",23,16,18,15,17
"299",270,"2","2","3","1","2",17,13,13,10,17
"300",270,"2","2","3","1","2",21,7,16,16,18
"301",271,"2","2","3","1","2",17,11,15,16,16
"302",271,"2","2","3","1","2",13,17,19,19,14
"303",272,"2","1","4","5","3",22,22,21,22,22
"304",272,"2","1","4","5","3",20,23,24,22,24
"305",274,"2","2","2","1","1",22,11,21,12,17
"306",274,"2","2","2","1","1",17,17,17,17,18
"307",275,"1","1","6","5","2",22,26,23,24,27
"308",275,"1","1","6","5","2",11,20,21,18,21
"309",277,"1","1","5","6","4",18,23,24,21,23
"310",277,"1","1","5","6","4",23,30,22,24,25
"311",279,"1","2","3","1","3",20,26,20,18,17
"312",279,"1","2","3","1","3",19,20,16,21,18
"313",281,"1","1","6","2","4",20,24,16,23,19
"314",281,"1","1","6","2","4",24,25,17,26,22
"315",287,"2","1","5","3","4",26,29,22,23,24
"316",287,"2","1","5","3","4",19,17,21,23,22
"317",288,"2","1","6","4","3",26,17,25,10,29
"318",288,"2","1","6","4","3",22,22,22,15,25
"319",291,"2","1","2","4","3",19,19,17,19,19
"320",291,"2","1","2","4","3",17,20,18,21,19
"321",295,"2","2","3","1","3",26,24,29,27,28
"322",295,"2","2","3","1","3",12,4,15,17,18
"323",304,"2","1","3","2","2",25,25,24,25,25
"324",304,"2","1","3","2","2",25,22,21,21,25
"325",308,"2","1","5","3","5",27,19,23,24,20
"326",308,"2","1","5","3","5",29,32,27,27,22
"327",309,"2","1","3","3","2",24,22,14,18,21
"328",309,"2","1","3","3","2",22,14,16,20,23
"329",310,"2","2","3","6","4",21,19,19,18,23
"330",310,"2","2","3","6","4",24,19,25,24,24
"331",311,"2","1","2","3","2",22,24,20,20,20
"332",311,"2","1","2","3","2",24,30,24,25,24
"333",312,"2","2","2","2","1",27,20,23,16,26
"334",312,"2","2","2","2","1",25,20,23,21,25
"335",315,"1","1","5","3","2",21,31,20,21,22
"336",315,"1","1","5","3","2",17,31,19,25,18
"337",316,"1","2","3","3","2",20,29,25,26,26
"338",316,"1","2","3","3","2",15,14,17,16,21
"339",317,"2","1","2","2","4",24,22,19,18,21
"340",317,"2","1","2","2","4",22,20,18,12,21
"341",318,"1","2","2","2","3",24,30,28,25,27
"342",318,"1","2","2","2","3",19,20,17,20,20
"343",319,"1","1","3","5","3",17,24,16,22,21
"344",319,"1","1","3","5","3",21,22,19,20,22
"345",320,"1","2","5","3","2",14,14,13,14,14
"346",320,"1","2","5","3","2",10,19,13,6,13
"347",321,"2","1","3","3","2",21,26,21,21,15
"348",321,"2","1","3","3","2",21,15,18,17,17
"349",323,"1","1","3","5","4",24,32,25,27,23
"350",323,"1","1","3","5","4",26,34,29,26,24
"351",324,"2","2","4","6","5",26,20,22,20,24
"352",324,"2","2","4","6","5",28,19,22,19,25
"353",327,"2","2","3","2","4",17,17,26,23,24
"354",327,"2","2","3","2","4",13,18,18,22,19
"355",329,"1","1","3","3","2",9,17,16,21,16
"356",329,"1","1","3","3","2",12,17,13,6,12
"361",332,"1","2","3","3","3",24,28,25,26,24
"362",332,"1","2","3","3","3",21,25,25,20,22
"363",335,"1","2","3","3","3",19,28,20,18,20
"364",335,"1","2","3","3","3",17,25,19,17,12
"365",336,"2","1","4","4","3",22,28,28,21,25
"366",336,"2","1","4","4","3",21,30,28,29,19
"367",337,"2","1","3","3","2",24,23,24,26,20
"368",337,"2","1","3","3","2",22,21,21,19,22
"369",338,"1","1","4","6","1",27,34,26,26,28
"370",338,"1","1","4","6","1",27,24,21,25,23
"371",340,"1","1","3","1","2",16,18,7,17,15
"372",340,"1","1","3","1","2",11,17,14,12,14
"373",342,"2","1","4","6","3",20,20,18,21,19
"374",342,"2","1","4","6","3",17,19,15,16,19
"375",343,"2","1","3","2","3",21,16,12,11,18
"376",343,"2","1","3","2","3",21,14,18,15,17
"377",345,"1","1","4","5","4",19,22,24,24,30
"378",345,"1","1","4","5","4",22,32,27,29,30
"379",348,"2","1","2","3","3",22,28,22,25,24
"380",348,"2","1","2","3","3",23,28,25,27,24
"381",351,"2","1","4","5","4",13,12,14,20,14
"382",351,"2","1","4","5","4",14,10,19,14,16
"385",355,"1","1","4","3","2",11,12,13,16,17
"386",355,"1","1","4","3","2",10,11,15,13,14
"387",358,"2","1","4","3","3",18,15,20,22,19
"388",358,"2","1","4","3","3",19,15,21,20,14
"389",360,"1","2","3","3","4",11,11,15,9,15
"390",360,"1","2","3","3","4",21,19,19,14,18
"391",362,"2","1","3","5","4",23,15,21,12,27
"392",362,"2","1","3","5","4",21,15,21,13,24
"393",363,"2","2","4","1","2",24,24,20,24,24
"394",363,"2","2","4","1","2",22,24,22,23,22
"395",365,"2","1","5","5","4",21,16,21,16,19
"396",365,"2","1","5","5","4",16,14,19,18,19
"397",367,"2","2","3","3","3",27,28,27,27,30
"398",367,"2","2","3","3","3",21,21,24,19,25
"399",371,"1","2","3","4","3",20,25,21,23,22
"400",371,"1","2","3","4","3",17,19,20,17,22
"401",374,"1","1","1","2","2",19,28,24,20,24
"402",374,"1","1","1","2","2",16,23,22,18,21
"405",377,"2","2","3","3","1",23,13,23,19,23
"406",377,"2","2","3","3","1",20,7,19,12,21
"407",380,"2","2","3","4","3",30,21,25,25,29
"408",380,"2","2","3","4","3",24,19,23,23,29
"409",382,"1","1","4","5","5",23,34,29,29,29
"410",382,"1","1","4","5","5",24,32,29,28,30
"411",383,"1","1","4","4","6",20,13,25,12,25
"412",383,"1","1","4","4","6",9,16,19,10,21
"415",385,"1","2","3","6","4",23,29,26,29,29
"416",385,"1","2","3","6","4",27,32,24,27,24
"417",386,"2","1","5","6","6",18,18,23,20,23
"418",386,"2","1","5","6","6",21,22,23,19,23
"419",388,"1","1","3","4","4",18,14,17,20,18
"420",388,"1","1","3","4","4",15,19,20,15,18
"421",392,"2","1","3","3","2",17,12,19,18,15
"422",392,"2","1","3","3","2",21,12,18,14,18
"423",393,"2","2","5","5","4",19,14,17,15,19
"424",393,"2","2","5","5","4",19,16,23,8,24
"425",394,"2","2","5","5","5",24,11,18,13,19
"426",394,"2","2","5","5","5",25,20,14,17,18
"427",396,"1","2","5","6","6",23,26,20,19,24
"428",396,"1","2","5","6","6",26,33,28,27,26
"429",397,"2","1","2","2","3",20,26,26,18,25
"430",397,"2","1","2","2","3",21,28,26,24,26
"433",402,"2","1","3","3","3",19,26,27,21,26
"434",402,"2","1","3","3","3",22,23,30,18,28
"435",406,"2","2","2","3","2",22,29,20,18,19
"436",406,"2","2","2","3","2",22,19,19,15,18
"437",408,"2","1","4","3","4",7,4,9,8,14
"438",408,"2","1","4","3","4",17,12,10,12,17
"439",411,"2","2","3","4","7",19,20,13,17,18
"440",411,"2","2","3","4","7",15,23,17,18,21
"441",412,"2","1","4","6","6",26,31,20,16,21
"442",412,"2","1","4","6","6",22,30,23,25,22
"443",415,"2","2","5","5","4",19,26,19,23,17
"444",415,"2","2","5","5","4",15,21,16,21,14
"445",416,"2","1","6","6","7",16,10,22,11,19
"446",416,"2","1","6","6","7",14,14,20,14,22
"447",417,"1","2","4","2","1",25,28,23,28,22
"448",417,"1","2","4","2","1",25,28,28,29,22
"449",418,"2","1","5","6","4",26,22,26,26,27
"450",418,"2","1","5","6","4",23,26,24,25,29
"451",420,"2","1","4","4","2",25,28,23,27,23
"452",420,"2","1","4","4","2",27,32,23,23,22
"453",421,"2","2","2","4","2",16,5,21,13,17
"454",421,"2","2","2","4","2",17,13,18,14,18
"455",423,"2","1","4","3","7",17,18,16,21,16
"456",423,"2","1","4","3","7",17,14,20,23,19
"457",425,"1","1","3","4","3",14,21,15,23,17
"458",425,"1","1","3","4","3",19,22,19,21,16
"459",427,"2","1","4","6","6",20,25,15,23,20
"460",427,"2","1","4","6","6",20,25,17,26,25
"461",428,"2","2","3","6","2",25,31,26,28,23
"462",428,"2","2","3","6","2",27,33,24,29,24
"463",429,"1","1","3","1","3",20,27,18,21,19
"464",429,"1","1","3","1","3",21,28,16,23,21
"465",430,"1","2","3","3","3",25,22,18,23,22
"466",430,"1","2","3","3","3",23,25,26,23,22
"467",432,"2","2","4","6","3",13,14,16,11,19
"468",432,"2","2","4","6","3",17,12,18,15,16
"469",433,"2","1","4","4","5",21,22,21,17,22
"470",433,"2","1","4","4","5",27,22,17,15,24
"471",435,"2","1","4","6","3",21,23,22,23,23
"472",435,"2","1","4","6","3",25,21,23,25,20
"473",437,"1","2","4","3","2",23,20,21,24,20
"474",437,"1","2","4","3","2",26,25,22,21,24
"475",438,"2","1","2","1","2",12,20,15,17,12
"476",438,"2","1","2","1","2",15,18,14,17,13
"477",439,"1","2","2","3","2",26,33,24,28,24
"478",439,"1","2","2","3","2",24,30,31,26,27
"479",440,"1","1","4","3","2",20,29,23,29,24
"480",440,"1","1","4","3","2",21,30,26,25,25
"481",442,"2","2","3","3","3",22,10,23,17,20
"482",442,"2","2","3","3","3",21,17,18,20,19
"483",444,"1","1","4","4","3",17,27,19,21,16
"484",444,"1","1","4","4","3",19,23,22,23,19
"485",445,"2","2","4","3","2",18,14,15,12,14
"486",445,"2","2","4","3","2",17,20,19,21,14
"487",446,"1","1","3","1","2",10,20,24,22,19
"488",446,"1","1","3","1","2",18,17,19,22,20
"489",447,"1","1","4","1","3",16,18,14,11,22
"490",447,"1","1","4","1","3",13,14,22,17,24
"491",449,"2","1","1","4","3",22,21,22,24,24
"492",449,"2","1","1","4","3",25,16,25,26,27
"499",453,"1","2","4","1","1",19,32,16,24,13
"500",453,"1","2","4","1","1",21,33,27,28,25
"501",454,"2","1","4","2","1",16,20,23,23,21
"502",454,"2","1","4","2","1",20,16,19,15,21
"503",455,"1","2","3","3","3",6,8,11,11,15
"504",455,"1","2","3","3","3",5,11,13,4,12
"505",456,"2","2","3","3","2",16,16,17,14,17
"506",456,"2","2","3","3","2",20,20,19,14,20
"507",461,"2","2","3","2","2",18,13,19,11,21
"508",461,"2","2","3","2","2",18,17,15,23,19
"509",462,"2","1","3","3","3",19,11,19,12,14
"510",462,"2","1","3","3","3",18,20,21,16,14
"511",466,"1","2","2","3","2",20,22,22,25,21
"512",466,"1","2","2","3","2",17,20,21,21,16
"513",467,"1","2","5","3","3",22,26,20,21,16
"514",467,"1","2","5","3","3",25,25,21,23,18
"515",468,"1","1","5","5","3",23,34,32,30,29
"516",468,"1","1","5","5","3",27,34,32,30,29
"519",471,"1","2","1","1","2",22,28,21,26,22
"520",471,"1","2","1","1","2",17,20,11,14,19
"521",472,"1","1","4","5","5",25,32,29,29,24
"522",472,"1","1","4","5","5",27,32,30,27,30
"523",474,"1","1","4","5","4",15,23,25,19,28
"524",474,"1","1","4","5","4",18,29,21,24,24
"525",475,"2","2","5","3","2",20,20,20,26,18
"526",475,"2","2","5","3","2",19,20,15,24,19
"527",476,"2","2","6","2","4",14,14,16,11,16
"528",476,"2","2","6","2","4",14,20,17,18,19
"529",477,"2","1","3","6","3",21,25,20,23,24
"530",477,"2","1","3","6","3",23,32,24,27,23
"531",478,"2","2","3","1","3",23,20,21,18,21
"532",478,"2","2","3","1","3",13,10,16,18,17
"533",479,"2","2","3","3","2",19,18,20,21,20
"534",479,"2","2","3","3","2",20,25,20,20,22
"535",480,"2","2","4","4","4",17,26,22,23,21
"536",480,"2","2","4","4","4",6,16,13,15,14
"537",481,"1","1","5","6","6",20,30,22,25,20
"538",481,"1","1","5","6","6",21,29,24,25,21
"539",483,"1","1","3","4","4",20,24,23,23,18
"540",483,"1","1","3","4","4",23,24,23,26,18
"541",484,"2","2","5","4","3",16,26,13,19,17
"542",484,"2","2","5","4","3",22,24,14,20,17
"543",485,"2","1","3","3","3",16,18,16,15,10
"544",485,"2","1","3","3","3",16,21,17,12,15
"545",487,"2","1","3","4","2",25,17,20,25,24
"546",487,"2","1","3","4","2",22,23,22,25,21
"549",493,"1","1","3","2","2",15,11,12,9,14
"550",493,"1","1","3","2","2",16,16,17,18,12
"551",494,"1","1","3","1","1",20,20,21,21,22
"552",494,"1","1","3","1","1",21,21,18,25,20
"553",497,"2","2","4","6","4",18,18,16,19,16
"554",497,"2","2","4","6","4",19,25,15,22,16
"557",499,"1","1","2","3","4",15,29,20,17,20
"558",499,"1","1","2","3","4",16,32,25,24,22
"561",509,"2","2","3","2","5",15,11,15,3,14
"562",509,"2","2","3","2","5",18,18,13,18,14
"563",511,"1","1","1","2","1",23,22,17,17,23
"564",511,"1","1","1","2","1",17,18,19,20,20
"565",515,"2","2","1","3","4",17,8,15,13,18
"566",515,"2","2","1","3","4",19,13,15,12,17
"567",517,"1","2","4","5","2",9,8,18,13,10
"568",517,"1","2","4","5","2",16,19,20,11,15
"569",518,"2","2","1","1","2",25,14,26,17,25
"570",518,"2","2","1","1","2",20,10,19,12,22
"571",519,"1","1","2","2","1",17,17,19,25,22
"572",519,"1","1","2","2","1",12,6,18,21,19
"573",521,"2","2","5","6","6",22,29,22,24,20
"574",521,"2","2","5","6","6",26,33,26,28,24
"575",522,"2","1","4","6","7",19,20,22,14,23
"576",522,"2","1","4","6","7",19,21,24,20,21
"577",523,"2","2","3","3","3",13,18,13,12,18
"578",523,"2","2","3","3","3",24,14,18,17,20
"579",524,"1","2","3","4","1",18,17,20,18,14
"580",524,"1","2","3","4","1",19,20,22,20,20
"583",529,"1","1","1","1","2",22,17,23,12,25
"584",529,"1","1","1","1","2",15,13,20,19,24
"585",530,"1","1","2","2","2",23,24,21,24,18
"586",530,"1","1","2","2","2",18,28,25,25,21
"587",532,"2","1","6","6","5",7,11,15,4,21
"588",532,"2","1","6","6","5",11,8,16,10,18
"589",535,"2","1","5","4","2",14,16,13,10,15
"590",535,"2","1","5","4","2",21,20,16,8,17
"591",537,"2","2","3","5","4",21,18,21,17,22
"592",537,"2","2","3","5","4",23,21,23,23,22
"593",540,"1","1","5","3","4",13,22,16,14,17
"594",540,"1","1","5","3","4",11,24,20,21,21
"595",541,"1","2","6","6","4",24,20,20,25,23
"596",541,"1","2","6","6","4",25,31,25,27,26
"597",544,"1","2","3","3","2",22,25,19,19,21
"598",544,"1","2","3","3","2",19,24,22,24,20
"599",547,"2","1","4","6","7",19,20,15,4,22
"600",547,"2","1","4","6","7",21,19,16,9,23
"601",549,"1","1","4","3","2",17,14,23,23,22
"602",549,"1","1","4","3","2",20,18,21,20,24
"603",553,"1","2","3","3","3",20,24,28,24,27
"604",553,"1","2","3","3","3",25,29,28,26,27
"605",555,"1","2","4","4","4",18,21,20,16,18
"606",555,"1","2","4","4","4",19,19,18,19,20
"609",562,"2","1","4","4","4",21,14,24,16,25
"610",562,"2","1","4","4","4",20,20,25,15,23
"611",568,"2","2","5","6","4",19,20,16,23,26
"612",568,"2","2","5","6","4",22,22,21,19,24
"613",569,"2","2","2","3","3",19,20,21,19,19
"614",569,"2","2","2","3","3",17,16,19,18,16
"615",571,"1","2","2","3","2",19,20,19,21,20
"616",571,"1","2","2","3","2",23,21,17,21,20
"617",573,"2","1","3","5","6",22,21,20,23,23
"618",573,"2","1","3","5","6",20,15,18,19,21
"619",574,"2","2","3","3","2",16,11,13,17,18
"620",574,"2","2","3","3","2",17,14,20,26,18
"621",575,"1","2","5","5","5",23,33,32,30,32
"622",575,"1","2","5","5","5",22,26,27,21,30
"623",576,"1","1","4","4","4",15,18,22,23,23
"624",576,"1","1","4","4","4",19,18,18,21,19
"625",577,"2","1","3","3","3",21,20,18,23,22
"626",577,"2","1","3","3","3",22,22,22,17,25
"627",579,"1","2","3","4","5",20,24,17,20,18
"628",579,"1","2","3","4","5",13,27,11,21,17
"629",581,"2","2","4","5","5",23,23,25,19,28
"630",581,"2","2","4","5","5",18,15,23,15,23
"631",582,"2","1","2","3","3",19,20,18,18,18
"632",582,"2","1","2","3","3",21,13,20,23,17
"633",583,"1","2","3","1","1",18,23,17,23,19
"634",583,"1","2","3","1","1",17,21,25,21,19
"635",586,"1","1","4","4","2",11,26,20,21,18
"636",586,"1","1","4","4","2",15,18,26,19,19
"637",588,"2","2","1","1","1",19,24,19,11,21
"638",588,"2","2","1","1","1",17,18,20,20,19
"639",592,"2","2","5","6","7",26,25,28,29,31
"640",592,"2","2","5","6","7",28,31,30,31,32
"641",593,"2","1","3","5","7",24,21,27,22,27
"642",593,"2","1","3","5","7",26,25,27,19,27
"643",598,"2","1","1","3","5",18,10,16,10,18
"644",598,"2","1","1","3","5",22,20,21,15,18
"645",599,"1","1","3","3","2",18,33,17,9,15
"646",599,"1","1","3","3","2",18,32,18,20,21
"647",600,"2","1","3","3","4",18,19,17,11,19
"648",600,"2","1","3","3","4",22,22,17,14,20
"651",605,"1","2","4","1","2",24,29,21,24,21
"652",605,"1","2","4","1","2",16,26,23,15,23
"653",608,"1","2","3","4","3",18,17,22,19,22
"654",608,"1","2","3","4","3",14,20,20,21,18
"655",610,"2","2","3","4","4",27,35,29,29,24
"656",610,"2","2","3","4","4",17,29,19,21,20
"657",614,"2","2","1","3","1",18,12,18,21,18
"658",614,"2","2","1","3","1",18,20,17,21,18
"659",617,"2","1","3","5","3",14,10,14,8,16
"660",617,"2","1","3","5","3",13,12,16,12,17
"661",618,"2","2","1","2","3",23,25,17,24,25
"662",618,"2","2","1","2","3",21,25,25,24,27
"663",620,"2","1","4","5","5",25,23,26,25,24
"664",620,"2","1","4","5","5",26,26,24,23,24
"665",621,"2","1","2","2","1",14,16,20,15,25
"666",621,"2","1","2","2","1",14,20,24,12,24
"667",623,"2","2","6","6","4",26,32,23,22,26
"668",623,"2","2","6","6","4",22,29,25,28,31
"669",624,"2","1","4","3","2",28,26,28,21,29
"670",624,"2","1","4","3","2",25,29,26,26,26
"671",625,"2","1","2","4","1",15,13,19,10,18
"672",625,"2","1","2","4","1",18,16,17,13,18
"673",626,"1","2","5","6","5",24,29,31,27,30
"674",626,"1","2","5","6","5",23,25,25,9,23
"675",627,"2","1","2","6","2",18,21,21,13,21
"676",627,"2","1","2","6","2",19,20,18,11,19
"677",629,"1","2","5","4","3",24,25,24,19,22
"678",629,"1","2","5","4","3",24,28,21,24,27
"679",631,"2","2","1","3","2",16,22,17,9,17
"680",631,"2","2","1","3","2",21,16,13,15,16
"681",632,"2","1","3","3","1",17,18,18,9,13
"682",632,"2","1","3","3","1",19,11,18,17,14
"683",633,"1","1","3","1","2",14,24,15,12,14
"684",633,"1","1","3","1","2",16,19,20,23,11
"685",636,"2","2","4","3","1",23,14,20,21,26
"686",636,"2","2","4","3","1",19,22,16,19,20
"689",641,"2","1","2","2","1",12,17,15,3,15
"690",641,"2","1","2","2","1",13,16,11,13,15
"691",642,"1","1","3","5","5",17,20,18,18,18
"692",642,"1","1","3","5","5",11,19,16,15,18
"693",643,"1","2","3","4","5",21,20,18,23,20
"694",643,"1","2","3","4","5",21,19,20,24,22
"695",645,"2","1","3","3","4",26,26,25,23,28
"696",645,"2","1","3","3","4",24,28,29,26,29
"697",647,"2","1","3","3","1",9,12,13,12,15
"698",647,"2","1","3","3","1",7,13,13,18,13
"699",650,"1","1","5","5","4",23,19,26,20,29
"700",650,"1","1","5","5","4",18,20,17,22,23
"701",651,"2","1","2","3","3",19,26,21,20,20
"702",651,"2","1","2","3","3",19,20,21,17,20
"703",652,"1","1","3","3","3",15,31,22,26,18
"704",652,"1","1","3","3","3",17,23,27,27,20
"705",653,"2","1","5","5","5",12,17,14,13,14
"706",653,"2","1","5","5","5",14,19,15,16,17
"709",655,"2","1","6","4","3",18,10,22,24,22
"710",655,"2","1","6","4","3",24,11,20,22,28
"711",656,"1","2","4","4","3",24,30,26,26,24
"712",656,"1","2","4","4","3",23,32,28,25,24
"713",658,"1","2","3","3","4",21,28,19,27,20
"714",658,"1","2","3","3","4",15,13,17,15,18
"715",659,"2","2","6","3","4",10,8,5,10,8
"716",659,"2","2","6","3","4",18,23,17,12,15
"717",661,"2","2","1","1","2",22,25,21,18,26
"718",661,"2","2","1","1","2",17,21,20,18,19
"721",666,"2","1","4","4","3",16,10,16,11,22
"722",666,"2","1","4","4","3",13,10,18,13,19
"723",667,"1","2","4","3","4",17,19,26,23,25
"724",667,"1","2","4","3","4",11,21,25,24,23
"727",672,"2","2","3","3","1",9,6,13,9,14
"728",672,"2","2","3","3","1",14,6,14,18,14
"729",673,"1","1","3","4","3",13,21,24,22,18
"730",673,"1","1","3","4","3",16,27,24,20,18
"731",674,"1","1","5","6","5",27,35,30,32,28
"732",674,"1","1","5","6","5",30,35,32,33,28
"733",677,"2","1","2","3","5",13,21,18,15,20
"734",677,"2","1","2","3","5",11,20,16,15,16
"735",678,"1","2","1","2","1",13,8,16,14,10
"736",678,"1","2","1","2","1",18,13,13,11,16
"737",679,"2","2","4","3","3",22,22,27,26,24
"738",679,"2","2","4","3","3",24,20,21,22,24
"739",680,"2","1","4","6","5",25,28,25,28,27
"740",680,"2","1","4","6","5",27,27,28,28,28
"741",684,"1","2","4","6","4",15,14,16,18,20
"742",684,"1","2","4","6","4",15,20,21,17,22
"743",685,"2","2","5","4","1",19,30,24,17,20
"744",685,"2","2","5","4","1",14,15,18,15,19
"745",688,"2","1","4","4","4",20,15,20,16,20
"746",688,"2","1","4","4","4",19,18,23,22,21
"747",689,"2","2","2","1","1",28,18,25,25,25
"748",689,"2","2","2","1","1",17,22,19,20,15
"749",691,"2","2","3","5","4",22,26,21,26,24
"750",691,"2","2","3","5","4",20,22,25,14,20
"751",692,"2","1","4","4","5",23,14,17,9,23
"752",692,"2","1","4","4","5",26,22,20,17,26
"755",694,"1","1","3","3","2",7,14,13,15,14
"756",694,"1","1","3","3","2",14,17,19,9,14
"757",696,"2","1","6","3","2",14,22,16,21,15
"758",696,"2","1","6","3","2",14,20,17,10,16
"761",698,"2","2","3","6","2",17,14,10,17,16
"762",698,"2","2","3","6","2",15,18,20,18,14
"763",701,"1","1","3","2","5",21,31,22,23,19
"764",701,"1","1","3","2","5",24,33,27,28,24
"765",704,"1","1","1","1","1",18,21,19,18,19
"766",704,"1","1","1","1","1",19,25,23,24,21
"767",705,"1","1","2","3","2",15,21,26,23,20
"768",705,"1","1","2","3","2",23,31,26,25,22
"771",707,"1","1","4","4","3",21,32,27,28,22
"772",707,"1","1","4","4","3",25,29,30,25,22
"775",713,"2","2","3","5","7",18,24,19,18,23
"776",713,"2","2","3","5","7",22,20,23,24,27
"779",718,"2","1","3","1","1",22,8,17,15,18
"780",718,"2","1","3","1","1",22,14,16,17,17
"781",720,"2","2","3","4","4",22,22,25,23,30
"782",720,"2","2","3","4","4",27,28,23,26,24
"783",721,"1","1","3","4","2",12,14,13,14,19
"784",721,"1","1","3","4","2",15,15,15,10,21
"785",723,"2","2","3","4","2",18,24,17,17,16
"786",723,"2","2","3","4","2",20,25,21,21,19
"787",724,"1","1","3","3","3",16,22,17,3,17
"788",724,"1","1","3","3","3",19,18,17,13,17
"789",725,"2","1","2","1","1",24,19,21,25,26
"790",725,"2","1","2","1","1",21,24,23,27,24
"793",729,"2","1","3","1","7",21,14,16,14,18
"794",729,"2","1","3","1","7",20,17,17,15,15
"795",732,"2","1","2","4","1",21,19,19,25,21
"796",732,"2","1","2","4","1",25,23,19,21,20
"797",733,"1","1","6","2","1",10,16,13,12,14
"798",733,"1","1","6","2","1",14,10,17,16,16
"799",735,"2","1","2","2","3",13,11,15,16,10
"800",735,"2","1","2","2","3",13,13,14,16,14
"803",741,"1","2","3","3","3",17,20,13,17,16
"804",741,"1","2","3","3","3",21,17,19,21,18
"805",743,"2","1","3","3","5",19,15,15,17,19
"806",743,"2","1","3","3","5",20,17,15,17,18
"807",745,"2","1","4","3","1",20,11,18,18,21
"808",745,"2","1","4","3","1",19,14,22,17,21
"809",746,"2","1","5","5","4",13,11,15,14,16
"810",746,"2","1","5","5","4",14,16,16,14,20
"813",749,"1","1","3","5","3",13,12,16,14,14
"814",749,"1","1","3","5","3",19,17,18,20,19
"817",752,"1","2","5","4","4",21,21,24,27,29
"818",752,"1","2","5","4","4",22,31,25,26,23
"819",754,"2","1","3","3","2",20,16,16,13,16
"820",754,"2","1","3","3","2",20,13,19,18,14
"821",755,"2","1","5","6","4",26,26,27,29,32
"822",755,"2","1","5","6","4",26,32,29,29,32
"823",758,"1","1","3","3","4",17,25,25,29,21
"824",758,"1","1","3","3","4",22,20,26,29,22
"825",759,"2","2","3","3","4",17,26,20,22,21
"826",759,"2","2","3","3","4",15,12,17,14,15
"827",764,"2","2","2","1","1",13,11,18,9,16
"828",764,"2","2","2","1","1",11,17,15,14,16
"829",766,"1","2","3","4","3",18,29,17,29,17
"830",766,"1","2","3","4","3",18,29,26,22,23
"831",768,"1","1","3","6","4",26,34,27,30,30
"832",768,"1","1","3","6","4",28,33,27,28,32
"833",771,"1","1","2","1","2",18,16,23,20,24
"834",771,"1","1","2","1","2",13,17,18,9,20
"835",773,"2","1","4","3","2",23,20,20,24,20
"836",773,"2","1","4","3","2",17,16,23,14,21
"837",774,"2","2","4","3","7",11,19,14,16,16
"838",774,"2","2","4","3","7",17,18,18,21,14
"839",775,"2","2","4","4","1",21,12,26,26,26
"840",775,"2","2","4","4","1",24,14,26,25,26
"841",776,"2","2","5","4","4",22,21,23,21,18
"842",776,"2","2","5","4","4",25,25,24,21,19
"843",779,"1","1","4","5","2",23,19,24,20,23
"844",779,"1","1","4","5","2",21,27,22,22,23
"845",780,"2","2","4","1","2",19,21,18,25,21
"846",780,"2","2","4","1","2",25,28,23,24,22
"847",783,"1","2","3","4","2",23,31,24,29,22
"848",783,"1","2","3","4","2",28,32,28,27,29
"849",785,"1","1","3","4","3",21,24,24,25,22
"850",785,"1","1","3","4","3",24,28,26,27,25
"851",786,"1","1","4","3","3",19,20,17,23,19
"852",786,"1","1","4","3","3",22,18,23,24,18
"853",787,"1","1","3","2","2",16,17,10,18,13
"854",787,"1","1","3","2","2",20,17,18,21,16
"855",789,"1","2","3","3","2",17,17,25,24,23
"856",789,"1","2","3","3","2",12,16,18,23,22
"857",791,"2","2","1","3","2",14,23,15,17,17
"858",791,"2","2","1","3","2",20,24,19,11,19
"859",792,"2","2","2","2","1",10,10,8,12,16
"860",792,"2","2","2","2","1",14,11,9,7,15
"861",797,"2","1","1","2","1",18,16,13,7,16
"862",797,"2","1","1","2","1",17,21,13,12,16
"863",800,"2","1","4","5","4",24,23,19,14,23
"864",800,"2","1","4","5","4",21,23,20,22,22
"865",801,"2","1","3","5","3",26,17,20,12,23
"866",801,"2","1","3","5","3",24,25,15,17,20
"867",805,"2","1","3","2","2",26,19,19,20,22
"868",805,"2","1","3","2","2",26,21,21,25,22
"871",809,"2","2","3","6","4",26,19,20,23,22
"872",809,"2","2","3","6","4",29,25,26,26,28
"873",811,"2","1","2","4","2",16,19,19,18,19
"874",811,"2","1","2","4","2",15,22,20,23,18
"875",812,"1","1","3","2","3",13,10,11,10,11
"876",812,"1","1","3","2","3",22,18,15,23,22
"877",814,"2","1","3","3","3",14,6,15,10,14
"878",814,"2","1","3","3","3",19,12,12,16,17
"879",816,"1","2","3","1","2",12,27,22,21,19
"880",816,"1","2","3","1","2",12,17,18,20,18
"881",819,"1","1","5","6","3",29,34,26,29,30
"882",819,"1","1","5","6","3",30,35,30,28,30
"883",820,"1","1","3","3","4",9,15,15,13,12
"884",820,"1","1","3","3","4",12,13,16,10,16
"885",821,"1","1","2","2","2",16,18,15,11,19
"886",821,"1","1","2","2","2",13,17,16,19,19
"887",822,"2","2","4","4","2",15,24,22,24,25
"888",822,"2","2","4","4","2",14,15,22,14,20
"889",823,"2","2","3","4","5",22,17,26,23,29
"890",823,"2","2","3","4","5",26,24,30,28,31
"891",824,"2","2","2","1","3",19,24,25,22,26
"892",824,"2","2","2","1","3",23,25,23,23,24
"893",825,"1","1","5","6","6",22,34,28,24,29
"894",825,"1","1","5","6","6",25,32,27,31,29
"895",826,"2","2","5","5","5",20,31,19,25,24
"896",826,"2","2","5","5","5",22,33,27,24,30
"897",828,"2","1","5","5","6",28,26,26,25,26
"898",828,"2","1","5","5","6",30,32,25,26,29
"899",829,"1","1","3","3","1",13,28,21,14,17
"900",829,"1","1","3","3","1",14,14,18,17,17
"901",830,"2","2","3","2","3",17,19,23,22,24
"902",830,"2","2","3","2","3",20,20,28,17,27
"903",831,"2","1","2","2","2",21,18,22,15,25
"904",831,"2","1","2","2","2",19,10,20,18,23
"905",832,"1","1","3","4","3",20,23,18,22,18
"906",832,"1","1","3","4","3",19,24,18,23,19
"907",833,"2","1","3","2","4",27,30,26,31,30
"908",833,"2","1","3","2","4",25,30,28,31,31
"909",837,"2","1","1","1","3",18,18,20,16,25
"910",837,"2","1","1","1","3",21,17,24,17,24
"911",838,"2","2","2","3","4",14,12,17,13,15
"912",838,"2","2","2","3","4",17,11,18,14,17
"913",839,"2","1","4","4","3",25,19,30,25,25
"914",839,"2","1","4","4","3",25,22,25,26,24
"915",840,"2","1","5","6","7",21,18,21,12,20
"916",840,"2","1","5","6","7",19,19,15,16,20
"917",841,"2","2","4","2","3",21,24,17,20,22
"918",841,"2","2","4","2","3",28,31,19,22,24
"919",842,"2","1","3","2","2",15,12,20,21,20
"920",842,"2","1","3","2","2",11,19,21,10,19
"921",844,"2","2","3","4","7",20,28,21,23,22
"922",844,"2","2","3","4","7",20,26,20,26,22
"923",847,"1","2","1","1","2",24,29,19,20,27
"924",847,"1","2","1","1","2",20,26,21,16,22
"925",848,"1","2","2","2","2",21,20,19,16,19
"926",848,"1","2","2","2","2",16,13,18,14,21
"927",849,"2","1","4","4","4",21,17,22,20,29
"928",849,"2","1","4","4","4",23,8,24,10,28
"931",851,"1","1","2","2","1",20,20,30,15,29
"932",851,"1","1","2","2","1",23,25,21,14,27
"933",852,"1","2","3","4","4",25,31,25,25,21
"934",852,"1","2","3","4","4",18,23,15,9,17
"935",853,"1","2","2","2","2",20,22,24,23,26
"936",853,"1","2","2","2","2",17,30,27,26,25
"937",854,"1","2","5","3","2",27,30,31,27,27
"938",854,"1","2","5","3","2",27,31,30,25,31
"939",857,"1","1","3","6","4",18,20,17,14,21
"940",857,"1","1","3","6","4",15,24,17,15,21
"941",858,"2","2","3","2","3",24,25,22,21,27
"942",858,"2","2","3","2","3",26,28,28,25,24
"943",859,"2","1","2","4","2",20,22,28,10,29
"944",859,"2","1","2","4","2",21,25,26,22,29
"945",861,"1","2","5","3","2",22,27,26,26,25
"946",861,"1","2","5","3","2",23,26,26,24,27
"947",862,"2","1","3","3","1",20,13,20,19,17
"948",862,"2","1","3","3","1",19,24,23,21,21
"949",863,"2","2","6","6","3",27,24,26,25,28
"950",863,"2","2","6","6","3",29,26,24,21,28
"951",864,"2","1","3","4","2",24,18,25,15,24
"952",864,"2","1","3","4","2",24,24,22,25,27
"953",865,"1","2","3","4","3",16,23,27,24,24
"954",865,"1","2","3","4","3",19,27,26,27,24
"955",867,"1","2","3","4","2",13,20,19,16,14
"956",867,"1","2","3","4","2",13,12,19,16,17
"957",869,"1","1","4","5","2",17,25,23,14,20
"958",869,"1","1","4","5","2",16,21,18,18,19
"959",870,"2","2","4","2","2",22,21,24,25,26
"960",870,"2","2","4","2","2",17,18,22,16,16
"961",872,"1","1","3","5","4",13,14,24,16,19
"962",872,"1","1","3","5","4",12,16,20,12,18
"963",873,"1","2","2","1","1",12,20,21,18,18
"964",873,"1","2","2","1","1",14,20,22,19,17
"965",875,"1","1","4","4","4",21,25,17,20,25
"966",875,"1","1","4","4","4",19,26,25,16,26
"967",877,"2","2","3","3","3",19,21,19,18,17
"968",877,"2","2","3","3","3",21,18,12,13,19
"969",879,"2","2","4","4","2",17,25,20,20,19
"970",879,"2","2","4","4","2",22,20,24,17,22
"973",881,"2","2","3","3","3",16,19,20,15,23
"974",881,"2","2","3","3","3",18,30,23,23,24
"975",883,"2","1","5","6","3",17,21,20,14,20
"976",883,"2","1","5","6","3",22,22,22,13,26
"977",885,"2","1","3","2","2",13,23,26,21,20
"978",885,"2","1","3","2","2",20,23,24,19,20
"979",887,"2","1","3","4","4",15,23,18,12,21
"980",887,"2","1","3","4","4",14,15,17,16,23
"981",889,"1","2","4","6","5",20,29,23,26,27
"982",889,"1","2","4","6","5",20,29,22,21,23
"983",890,"2","2","2","4","2",17,24,22,17,19
"984",890,"2","2","2","4","2",20,24,24,25,28
"985",891,"1","1","3","4","3",13,15,21,23,20
"986",891,"1","1","3","4","3",17,18,21,21,19
"987",892,"2","1","4","4","4",21,26,30,28,26
"988",892,"2","1","4","4","4",23,28,26,27,28
"989",893,"2","1","3","4","3",22,21,23,21,23
"990",893,"2","1","3","4","3",24,19,18,22,20
"993",896,"2","1","4","3","4",24,24,23,27,23
"994",896,"2","1","4","3","4",24,25,23,20,22
"995",897,"2","1","4","6","5",24,21,28,26,27
"996",897,"2","1","4","6","5",28,33,29,26,28
"997",898,"2","2","5","5","4",19,32,27,21,24
"998",898,"2","2","5","5","4",15,17,21,17,28
"999",901,"1","1","3","1","3",14,20,17,16,19
"1000",901,"1","1","3","1","3",14,18,18,21,20
"1001",902,"2","1","2","2","4",22,13,16,18,20
"1002",902,"2","1","2","2","4",15,14,17,12,18
"1003",904,"2","1","5","5","1",27,30,27,28,24
"1004",904,"2","1","5","5","1",26,27,25,30,24
"1005",905,"2","1","2","1","5",20,22,20,21,23
"1006",905,"2","1","2","1","5",22,28,24,22,27
"1007",908,"2","1","6","6","6",27,28,24,30,27
"1008",908,"2","1","6","6","6",25,30,27,29,26
"1009",911,"2","1","5","4","5",24,29,26,21,24
"1010",911,"2","1","5","4","5",23,26,24,27,23
"1011",912,"1","2","6","6","4",23,30,28,25,27
"1012",912,"1","2","6","6","4",22,25,24,23,24
"1013",913,"1","1","3","4","4",23,30,28,29,24
"1014",913,"1","1","3","4","4",19,29,27,26,22
"1015",914,"1","2","3","2","3",15,24,20,22,17
"1016",914,"1","2","3","2","3",16,22,25,25,18
"1019",917,"1","2","4","4","3",19,23,23,19,18
"1020",917,"1","2","4","4","3",19,24,24,25,21
"1023",919,"2","2","4","4","7",21,25,16,20,20
"1024",919,"2","2","4","4","7",20,23,16,17,23
"1025",920,"1","2","3","5","4",12,25,19,17,17
"1026",920,"1","2","3","5","4",16,22,22,23,21
"1027",921,"1","2","4","3","3",21,26,25,28,29
"1028",921,"1","2","4","3","3",22,34,28,29,26
"1029",922,"1","1","3","4","4",20,30,28,25,25
"1030",922,"1","1","3","4","4",20,32,27,26,24
"1031",923,"2","1","1","1","2",21,20,17,24,23
"1032",923,"2","1","1","1","2",22,21,20,24,17
"1033",924,"2","1","5","5","5",23,26,25,21,22
"1034",924,"2","1","5","5","5",17,26,17,19,23
"1035",925,"2","2","3","1","4",20,22,19,18,20
"1036",925,"2","2","3","1","4",20,20,16,17,17
"1037",930,"2","1","4","2","4",14,13,19,20,18
"1038",930,"2","1","4","2","4",10,11,18,8,16
"1039",931,"2","1","4","3","7",21,23,25,17,22
"1040",931,"2","1","4","3","7",21,24,23,19,25
"1043",935,"2","2","6","6","4",25,25,24,19,30
"1044",935,"2","2","6","6","4",27,32,26,26,30
"1047",938,"1","1","2","1","1",20,21,27,23,31
"1048",938,"1","1","2","1","1",22,23,29,26,31
"1049",939,"1","1","2","3","2",18,25,23,19,23
"1050",939,"1","1","2","3","2",16,22,25,20,22
"1051",941,"2","1","3","2","1",20,21,19,19,22
"1052",941,"2","1","3","2","1",16,12,13,19,18
"1053",943,"1","1","3","3","3",25,21,27,23,24
"1054",943,"1","1","3","3","3",24,25,30,23,25
"1055",944,"1","1","4","5","4",26,25,18,24,20
"1056",944,"1","1","4","5","4",22,22,26,24,22
"1057",948,"2","1","3","4","3",17,19,21,17,19
"1058",948,"2","1","3","4","3",21,21,20,20,18
"1059",951,"1","1","2","2","3",24,34,26,22,27
"1060",951,"1","1","2","2","3",27,34,26,18,28
"1063",953,"1","2","4","6","7",25,31,27,31,30
"1064",953,"1","2","4","6","7",27,35,31,32,31
"1065",957,"1","1","2","2","4",19,30,27,26,25
"1066",957,"1","1","2","2","4",20,30,29,28,28
"1069",959,"2","2","3","5","7",18,16,17,14,18
"1070",959,"2","2","3","5","7",20,32,25,18,24
"1071",963,"2","2","3","3","4",24,15,23,24,20
"1072",963,"2","2","3","3","4",23,31,30,25,30
"1073",965,"2","1","1","1","3",23,22,18,21,18
"1074",965,"2","1","1","1","3",20,20,21,23,19
"1075",966,"1","1","3","6","6",19,24,17,15,16
"1076",966,"1","1","3","6","6",15,26,7,13,16
"1077",968,"2","1","5","6","7",20,21,23,14,27
"1078",968,"2","1","5","6","7",22,22,25,20,29
"1079",971,"2","1","5","5","4",12,21,18,20,22
"1080",971,"2","1","5","5","4",21,19,20,19,24
"1081",973,"1","2","3","3","4",18,20,23,25,21
"1082",973,"1","2","3","3","4",15,16,13,20,16
"1083",974,"2","1","5","1","1",17,14,18,23,26
"1084",974,"2","1","5","1","1",15,17,26,23,23
"1085",975,"1","1","4","1","3",25,22,23,28,21
"1086",975,"1","1","4","1","3",23,23,22,24,22
"1087",980,"2","1","4","5","3",24,24,25,12,26
"1088",980,"2","1","4","5","3",17,17,24,13,21
"1089",981,"2","1","3","2","3",20,26,21,25,23
"1090",981,"2","1","3","2","3",20,28,25,20,24
"1091",982,"2","2","2","5","6",22,25,19,19,24
"1092",982,"2","2","2","5","6",20,14,21,17,23
"1093",983,"2","2","5","3","3",22,21,23,26,22
"1094",983,"2","2","5","3","3",21,33,24,26,22
"1097",987,"1","2","6","4","6",23,32,26,30,27
"1098",987,"1","2","6","4","6",20,10,23,18,27
"1099",989,"1","2","2","2","3",21,31,21,23,19
"1100",989,"1","2","2","2","3",24,25,27,24,21
"1101",991,"2","2","3","5","3",23,27,22,23,20
"1102",991,"2","2","3","5","3",18,22,23,26,24
"1103",992,"1","2","3","5","4",18,20,20,16,17
"1104",992,"1","2","3","5","4",16,18,17,17,20
"1107",994,"1","2","2","4","3",20,23,26,25,24
"1108",994,"1","2","2","4","3",16,21,19,16,17
"1109",1000,"1","1","2","3","2",13,21,22,13,18
"1110",1000,"1","1","2","3","2",13,28,23,22,20
"1111",1002,"1","1","2","3","4",26,33,27,28,24
"1112",1002,"1","1","2","3","4",21,27,24,27,22
"1113",1003,"2","1","5","6","6",27,27,28,23,29
"1114",1003,"2","1","5","6","6",27,32,31,27,28
"1115",1005,"2","1","3","3","1",16,8,15,3,17
"1116",1005,"2","1","3","3","1",16,21,18,15,23
"1117",1006,"2","1","2","2","2",13,11,18,12,16
"1118",1006,"2","1","2","2","2",18,17,22,10,19
"1119",1007,"1","1","2","2","2",23,28,26,30,24
"1120",1007,"1","1","2","2","2",25,29,28,29,29
"1121",1011,"1","2","6","2","2",24,30,24,26,25
"1122",1011,"1","2","6","2","2",20,21,15,19,19
"1125",1013,"2","1","3","2","4",20,19,16,16,9
"1126",1013,"2","1","3","2","4",17,20,16,18,15
"1127",1017,"2","1","6","6","4",19,22,23,20,25
"1128",1017,"2","1","6","6","4",16,24,24,23,24
"1129",1020,"2","1","5","5","5",22,22,21,9,24
"1130",1020,"2","1","5","5","5",23,25,24,22,22
"1131",1022,"1","2","3","3","7",18,20,19,22,19
"1132",1022,"1","2","3","3","7",24,27,18,23,22
"1133",1023,"2","1","2","3","1",21,22,27,24,24
"1134",1023,"2","1","2","3","1",27,21,26,27,24
"1135",1026,"2","1","1","1","1",3,10,4,8,8
"1136",1026,"2","1","1","1","1",8,10,3,9,5
"1137",1028,"2","2","3","3","3",19,16,18,10,15
"1138",1028,"2","2","3","3","3",12,11,13,13,6
"1139",1029,"1","1","4","6","4",14,21,16,20,15
"1140",1029,"1","1","4","6","4",14,25,20,19,16
"1143",1036,"2","2","1","2","5",22,10,26,22,22
"1144",1036,"2","2","1","2","5",18,10,24,25,16
"1145",1037,"2","2","5","1","4",19,8,10,17,16
"1146",1037,"2","2","5","1","4",22,16,16,12,19
"1147",1041,"2","1","3","3","4",25,22,26,27,28
"1148",1041,"2","1","3","3","4",24,26,26,23,24
"1149",1043,"2","1","4","6","7",20,14,19,14,22
"1150",1043,"2","1","4","6","7",20,18,18,15,21
"1151",1044,"2","2","2","3","3",11,12,17,13,16
"1152",1044,"2","2","2","3","3",20,26,19,10,15
"1153",1045,"1","1","3","4","5",21,25,21,21,24
"1154",1045,"1","1","3","4","5",23,27,21,23,22
"1155",1046,"2","2","4","5","3",17,16,22,23,20
"1156",1046,"2","2","4","5","3",23,22,26,18,23
"1157",1048,"1","1","4","3","2",17,20,19,22,23
"1158",1048,"1","1","4","3","2",15,24,19,23,23
"1161",1050,"1","1","3","3","1",22,20,15,9,12
"1162",1050,"1","1","3","3","1",21,13,14,16,15
"1163",1051,"2","1","3","3","3",22,27,25,29,32
"1164",1051,"2","1","3","3","3",22,18,28,25,31
"1165",1054,"1","1","5","3","3",7,12,18,18,19
"1166",1054,"1","1","5","3","3",20,20,23,11,18
"1167",1056,"2","1","4","6","7",25,33,27,18,29
"1168",1056,"2","1","4","6","7",25,27,23,14,28
"1169",1057,"1","2","4","4","4",20,23,26,30,28
"1170",1057,"1","2","4","4","4",19,20,23,26,20
"1171",1059,"1","1","2","3","2",9,11,8,12,18
"1172",1059,"1","1","2","3","2",13,10,11,15,16
"1173",1062,"1","2","3","4","4",25,33,27,28,26
"1174",1062,"1","2","3","4","4",22,21,22,23,21
"1175",1065,"1","2","5","6","5",26,32,29,29,28
"1176",1065,"1","2","5","6","5",23,35,26,33,28
"1177",1070,"1","1","2","2","3",21,29,21,25,22
"1178",1070,"1","1","2","2","3",22,30,25,26,25
"1179",1071,"1","2","4","6","5",11,24,20,25,20
"1180",1071,"1","2","4","6","5",14,26,22,26,21
"1181",1072,"1","1","5","6","4",25,28,31,30,27
"1182",1072,"1","1","5","6","4",24,30,29,29,31
"1183",1074,"2","2","3","4","4",19,21,19,23,24
"1184",1074,"2","2","3","4","4",18,26,18,20,20
"1185",1078,"2","2","4","3","5",20,23,15,13,18
"1186",1078,"2","2","4","3","5",19,13,14,13,19
"1187",1079,"2","1","4","3","4",19,17,17,16,17
"1188",1079,"2","1","4","3","4",22,16,18,22,18
"1191",1083,"1","1","4","3","2",15,21,18,16,20
"1192",1083,"1","1","4","3","2",17,13,16,15,25
"1193",1085,"1","1","2","4","2",17,13,13,15,18
"1194",1085,"1","1","2","4","2",18,19,17,22,18
"1195",1089,"2","1","3","2","2",18,24,23,16,22
"1196",1089,"2","1","3","2","2",20,20,23,26,24
"1197",1091,"1","1","3","3","3",16,27,22,17,21
"1198",1091,"1","1","3","3","3",20,25,21,24,23
"1199",1092,"1","1","3","6","4",25,22,24,25,19
"1200",1092,"1","1","3","6","4",27,24,21,28,21
"1201",1096,"2","1","3","4","4",17,29,23,24,25
"1202",1096,"2","1","3","4","4",20,23,21,25,22
"1203",1097,"1","2","4","3","2",25,30,17,23,22
"1204",1097,"1","2","4","3","2",20,29,28,24,26
"1205",1099,"2","2","3","1","2",21,17,24,23,20
"1206",1099,"2","2","3","1","2",24,23,21,25,25
"1207",1100,"2","1","5","4","5",21,13,12,10,20
"1208",1100,"2","1","5","4","5",19,16,17,16,20
"1209",1103,"2","1","3","2","2",21,29,19,23,20
"1210",1103,"2","1","3","2","2",24,21,22,24,21
"1211",1104,"1","2","5","4","4",23,28,20,28,23
"1212",1104,"1","2","5","4","4",26,30,24,30,26
"1213",1107,"1","2","3","4","2",24,24,21,25,21
"1214",1107,"1","2","3","4","2",20,20,15,23,17
"1215",1108,"2","2","3","2","3",12,14,13,11,18
"1216",1108,"2","2","3","2","3",21,16,20,10,19
"1217",1109,"1","1","2","1","1",17,13,20,18,16
"1218",1109,"1","1","2","1","1",18,11,22,16,18
"1219",1110,"1","2","3","3","4",20,18,21,20,21
"1220",1110,"1","2","3","3","4",20,20,26,25,26
"1221",1111,"1","1","3","4","2",19,23,19,26,19
"1222",1111,"1","1","3","4","2",20,28,18,23,22
"1223",1112,"2","1","3","4","2",23,20,16,20,19
"1224",1112,"2","1","3","4","2",23,13,18,19,16
"1225",1113,"1","2","3","3","4",11,13,16,21,21
"1226",1113,"1","2","3","3","4",12,16,18,23,18
"1227",1114,"2","2","3","5","2",18,10,15,15,22
"1228",1114,"2","2","3","5","2",11,20,14,13,22
"1229",1117,"2","1","4","6","7",22,26,17,18,18
"1230",1117,"2","1","4","6","7",21,25,20,18,17
"1231",1118,"1","1","2","4","4",20,30,20,20,22
"1232",1118,"1","1","2","4","4",15,21,17,21,14
"1233",1119,"2","1","2","3","5",18,14,17,16,18
"1234",1119,"2","1","2","3","5",17,14,23,17,21
"1235",1120,"1","1","3","4","4",18,22,23,25,24
"1236",1120,"1","1","3","4","4",20,22,23,25,25
"1237",1122,"2","2","4","4","4",23,25,19,17,21
"1238",1122,"2","2","4","4","4",24,30,26,24,25
"1239",1123,"1","2","4","5","4",22,23,21,23,20
"1240",1123,"1","2","4","5","4",22,26,16,27,21
"1241",1124,"1","1","4","3","2",21,21,19,21,20
"1242",1124,"1","1","4","3","2",17,12,11,17,16
"1243",1125,"2","1","3","3","3",18,6,15,13,15
"1244",1125,"2","1","3","3","3",18,10,18,16,18
"1245",1127,"2","2","4","4","2",11,8,15,13,14
"1246",1127,"2","2","4","4","2",16,3,12,18,19
"1247",1128,"1","2","6","6","4",22,22,20,17,24
"1248",1128,"1","2","6","6","4",23,28,23,23,27
"1249",1130,"1","2","4","6","5",22,22,24,25,18
"1250",1130,"1","2","4","6","5",28,33,31,31,27
"1251",1131,"1","1","4","5","3",21,27,28,21,27
"1252",1131,"1","1","4","5","3",24,33,27,29,24
"1253",1133,"2","1","4","3","2",18,18,19,16,20
"1254",1133,"2","1","4","3","2",19,13,15,12,17
"1255",1135,"2","1","4","5","2",17,17,16,9,16
"1256",1135,"2","1","4","5","2",19,13,17,13,16
"1257",1136,"2","1","3","3","7",15,11,15,8,14
"1258",1136,"2","1","3","3","7",17,13,8,17,16
"1259",1137,"1","2","2","4","1",9,20,17,18,14
"1260",1137,"1","2","2","4","1",13,18,16,20,12
"1261",1138,"2","2","4","6","4",24,21,19,22,18
"1262",1138,"2","2","4","6","4",17,14,18,17,15
"1263",1140,"2","1","5","6","5",17,23,19,22,18
"1264",1140,"2","1","5","6","5",20,20,18,23,19
"1265",1142,"2","1","4","6","4",25,18,26,23,21
"1266",1142,"2","1","4","6","4",24,24,25,24,22
"1267",1143,"1","2","4","6","3",21,19,24,25,17
"1268",1143,"1","2","4","6","3",27,29,28,30,24
"1269",1144,"2","2","5","3","2",28,25,29,26,28
"1270",1144,"2","2","5","3","2",19,21,22,23,22
"1271",1145,"2","2","5","5","3",17,11,24,19,20
"1272",1145,"2","2","5","5","3",18,13,15,17,15
"1273",1146,"2","1","4","3","3",23,15,17,21,23
"1274",1146,"2","1","4","3","3",21,22,18,20,21
"1275",1147,"2","1","6","6","4",28,28,28,28,32
"1276",1147,"2","1","6","6","4",29,29,27,29,30
"1277",1148,"2","2","4","4","3",19,21,9,17,15
"1278",1148,"2","2","4","4","3",18,18,12,20,15
"1279",1152,"1","1","3","3","2",16,23,21,20,19
"1280",1152,"1","1","3","3","2",17,19,19,23,20
"1281",1154,"1","2","6","3","3",12,13,14,12,17
"1282",1154,"1","2","6","3","3",17,18,14,12,13
"1283",1158,"1","2","5","5","5",26,30,24,22,23
"1284",1158,"1","2","5","5","5",20,24,12,17,18
"1285",1159,"2","1","5","4","3",10,8,14,10,13
"1286",1159,"2","1","5","4","3",15,8,13,11,15
"1287",1160,"2","1","2","1","3",20,20,17,15,18
"1288",1160,"2","1","2","1","3",17,22,14,17,17
"1289",1163,"2","1","5","3","4",16,19,21,23,15
"1290",1163,"2","1","5","3","4",20,20,20,24,15
"1291",1164,"1","2","3","3","4",9,20,15,6,17
"1292",1164,"1","2","3","3","4",15,17,16,12,17
"1293",1165,"1","1","3","4","3",15,30,24,27,22
"1294",1165,"1","1","3","4","3",16,24,23,25,17
"1295",1166,"1","1","3","4","3",21,33,27,28,22
"1296",1166,"1","1","3","4","3",20,31,28,29,22
"1297",1167,"2","2","5","4","3",24,30,30,25,24
"1298",1167,"2","2","5","4","3",23,22,26,28,23
"1299",1168,"1","1","3","2","1",19,22,17,18,18
"1300",1168,"1","1","3","2","1",14,14,15,18,15
"1301",1169,"1","1","5","3","2",18,25,23,24,22
"1302",1169,"1","1","5","3","2",20,27,22,27,26
"1303",1172,"1","2","2","2","4",17,24,21,23,18
"1304",1172,"1","2","2","2","4",14,22,18,17,20
"1305",1173,"2","2","3","3","2",21,18,20,23,23
"1306",1173,"2","2","3","3","2",19,17,17,16,18
"1307",1174,"2","1","3","2","4",19,20,24,19,20
"1308",1174,"2","1","3","2","4",20,21,20,23,20
"1309",1175,"2","2","5","6","2",15,17,20,17,18
"1310",1175,"2","2","5","6","2",17,20,18,11,15
"1311",1176,"2","1","3","3","2",20,19,17,22,21
"1312",1176,"2","1","3","3","2",19,14,14,13,18
"1315",1181,"1","1","2","2","1",16,17,17,20,12
"1316",1181,"1","1","2","2","1",10,20,19,19,15
"1317",1182,"2","2","3","4","2",27,33,27,29,30
"1318",1182,"2","2","3","4","2",21,23,28,19,27
"1321",1184,"1","1","1","1","1",15,18,18,24,18
"1322",1184,"1","1","1","1","1",18,16,19,17,16
"1323",1185,"2","2","1","3","1",22,14,19,11,18
"1324",1185,"2","2","1","3","1",20,17,17,15,21
"1325",1186,"1","1","5","6","7",22,30,18,15,22
"1326",1186,"1","1","5","6","7",24,22,17,23,22
"1327",1189,"2","2","3","2","1",18,19,15,16,17
"1328",1189,"2","2","3","2","1",11,12,17,16,18
"1331",1191,"2","1","3","3","4",17,31,26,25,25
"1332",1191,"2","1","3","3","4",12,20,23,23,24
"1333",1192,"1","1","3","3","1",21,22,16,21,19
"1334",1192,"1","1","3","3","1",19,26,20,24,18
"1337",1194,"1","1","4","4","4",17,20,15,18,18
"1338",1194,"1","1","4","4","4",16,17,19,19,16
"1339",1201,"1","1","1","1","2",18,20,18,20,17
"1340",1201,"1","1","1","1","2",20,20,19,17,20
"1341",1206,"1","1","2","3","1",23,23,24,23,22
"1342",1206,"1","1","2","3","1",26,29,23,25,23
"1343",1209,"1","1","3","4","4",14,19,15,22,16
"1344",1209,"1","1","3","4","4",16,18,16,21,17
"1345",1211,"2","1","2","1","3",22,29,24,25,23
"1346",1211,"2","1","2","1","3",24,26,22,29,27
"1347",1213,"2","1","3","5","2",17,11,14,12,20
"1348",1213,"2","1","3","5","2",14,10,10,16,19
"1349",1215,"2","1","3","5","2",17,16,17,16,14
"1350",1215,"2","1","3","5","2",17,18,17,10,15
"1351",1216,"1","1","3","5","5",24,24,22,23,22
"1352",1216,"1","1","3","5","5",17,20,21,23,18
"1353",1218,"2","1","4","4","7",16,25,20,20,18
"1354",1218,"2","1","4","4","7",14,18,15,22,19
"1355",1221,"2","1","3","4","3",13,20,16,20,19
"1356",1221,"2","1","3","4","3",16,27,22,23,19
"1357",1226,"2","1","1","1","1",26,22,24,20,27
"1358",1226,"2","1","1","1","1",25,20,24,26,26
"1359",1227,"1","1","4","3","2",28,25,27,30,29
"1360",1227,"1","1","4","3","2",19,24,23,28,25
"1361",1229,"2","2","5","5","4",28,29,28,23,25
"1362",1229,"2","2","5","5","4",20,17,20,23,21
"1363",1230,"2","1","4","6","6",23,20,21,19,28
"1364",1230,"2","1","4","6","6",26,24,25,22,28
"1365",1232,"2","1","3","2","2",23,18,18,25,19
"1366",1232,"2","1","3","2","2",23,18,21,19,22
"1367",1234,"2","1","3","4","2",20,17,23,21,24
"1368",1234,"2","1","3","4","2",23,23,22,16,22
"1369",1237,"2","1","3","3","2",21,12,19,12,17
"1370",1237,"2","1","3","3","2",16,19,15,21,17
"1371",1240,"1","1","3","1","1",13,17,17,12,16
"1372",1240,"1","1","3","1","1",14,26,16,20,16
"1373",1241,"2","1","3","2","3",17,19,15,11,18
"1374",1241,"2","1","3","2","3",16,20,16,11,18
"1375",1242,"1","1","5","6","4",14,27,18,24,19
"1376",1242,"1","1","5","6","4",13,23,15,12,19
"1377",1245,"2","2","4","5","5",25,28,25,24,23
"1378",1245,"2","2","4","5","5",22,19,24,16,25
"1379",1247,"2","1","3","5","7",19,21,22,13,24
"1380",1247,"2","1","3","5","7",17,28,28,19,27
"1383",1250,"2","2","4","3","2",19,16,22,25,22
"1384",1250,"2","2","4","3","2",23,16,17,14,20
"1385",1252,"1","1","5","6","4",18,26,22,25,22
"1386",1252,"1","1","5","6","4",21,24,23,27,22
"1387",1253,"2","1","4","5","4",19,23,24,24,24
"1388",1253,"2","1","4","5","4",17,19,21,17,21
"1389",1254,"1","1","3","3","2",15,18,19,18,12
"1390",1254,"1","1","3","3","2",16,22,21,18,13
"1391",1256,"1","1","3","3","1",6,14,7,12,13
"1392",1256,"1","1","3","3","1",14,18,17,13,17
"1393",1258,"2","2","4","3","7",26,17,17,25,18
"1394",1258,"2","2","4","3","7",20,22,15,14,18
"1395",1260,"2","1","3","2","1",19,17,16,16,16
"1396",1260,"2","1","3","2","1",16,18,17,17,18
"1397",1261,"2","2","5","1","3",25,20,22,23,23
"1398",1261,"2","2","5","1","3",21,20,16,17,21
"1399",1262,"2","1","2","1","2",23,19,13,17,18
"1400",1262,"2","1","2","1","2",22,17,15,20,18
"1403",1266,"2","1","1","1","2",23,13,22,26,23
"1404",1266,"2","1","1","1","2",24,23,19,23,22
"1405",1267,"1","1","4","2","2",19,27,19,26,20
"1406",1267,"1","1","4","2","2",17,26,23,25,21
"1407",1268,"1","2","4","6","7",26,30,22,23,21
"1408",1268,"1","2","4","6","7",25,31,26,27,23
"1409",1272,"2","1","3","4","2",21,18,20,21,18
"1410",1272,"2","1","3","4","2",19,20,16,19,14
"1411",1274,"1","1","3","4","3",16,28,21,25,15
"1412",1274,"1","1","3","4","3",19,31,26,27,21
"1413",1275,"2","2","1","4","2",22,24,24,21,22
"1414",1275,"2","2","1","4","2",24,32,27,31,24
"1415",1276,"2","1","3","3","1",30,30,22,23,23
"1416",1276,"2","1","3","3","1",28,27,17,17,23
"1417",1278,"2","1","4","1","4",8,17,17,18,15
"1418",1278,"2","1","4","1","4",18,16,15,21,15
"1419",1279,"2","1","3","4","1",20,14,16,18,14
"1420",1279,"2","1","3","4","1",19,16,20,23,22
"1421",1280,"1","1","3","2","5",21,31,26,28,23
"1422",1280,"1","1","3","2","5",23,30,29,25,23
"1423",1281,"2","2","5","6","7",29,25,29,29,30
"1424",1281,"2","2","5","6","7",28,28,29,29,30
"1425",1287,"2","2","5","5","6",19,19,23,20,18
"1426",1287,"2","2","5","5","6",22,22,24,16,27
"1427",1288,"2","1","3","3","2",11,7,15,7,15
"1428",1288,"2","1","3","3","2",16,12,18,8,18
"1429",1290,"2","1","3","2","2",17,18,16,12,15
"1430",1290,"2","1","3","2","2",16,19,14,15,16
"1431",1293,"1","1","4","3","2",11,25,12,16,14
"1432",1293,"1","1","4","3","2",15,22,12,20,14
"1433",1296,"2","1","3","4","3",22,20,11,21,18
"1434",1296,"2","1","3","4","3",25,25,20,21,21
"1435",1300,"2","2","4","5","5",24,24,19,23,22
"1436",1300,"2","2","4","5","5",21,22,20,17,22
"1437",1301,"2","1","1","1","2",15,17,18,16,21
"1438",1301,"2","1","1","1","2",17,21,20,18,21
"1441",1304,"1","2","3","4","2",15,18,15,18,15
"1442",1304,"1","2","3","4","2",13,16,11,13,12
"1443",1305,"1","1","4","6","5",24,26,21,24,22
"1444",1305,"1","1","4","6","5",24,24,21,20,21
"1445",1306,"1","2","4","1","1",17,16,15,22,15
"1446",1306,"1","2","4","1","1",13,19,16,25,19
"1447",1307,"2","1","3","3","2",17,13,20,10,17
"1448",1307,"2","1","3","3","2",26,20,17,20,17
"1449",1308,"1","2","5","6","4",17,22,17,26,20
"1450",1308,"1","2","5","6","4",18,21,21,17,20
"1451",1310,"2","1","3","2","2",16,7,15,21,17
"1452",1310,"2","1","3","2","2",17,20,18,18,16
"1453",1316,"2","1","6","5","2",15,14,14,7,17
"1454",1316,"2","1","6","5","2",13,14,11,16,18
"1455",1323,"1","1","3","3","4",26,23,25,24,27
"1456",1323,"1","1","3","3","4",24,27,24,27,24
"1457",1325,"1","1","5","6","2",17,25,18,25,18
"1458",1325,"1","1","5","6","2",23,25,19,23,21
"1461",1327,"1","2","5","5","4",22,22,15,23,19
"1462",1327,"1","2","5","5","4",21,20,22,23,21
"1465",1329,"1","1","3","3","2",23,25,18,20,18
"1466",1329,"1","1","3","3","2",18,26,21,25,20
"1467",1330,"1","1","4","6","4",21,22,25,26,25
"1468",1330,"1","1","4","6","4",22,27,26,26,25
"1469",1331,"1","1","5","6","7",19,27,27,26,23
"1470",1331,"1","1","5","6","7",21,28,29,29,24
"1471",1332,"1","2","6","6","6",9,18,17,10,17
"1472",1332,"1","2","6","6","6",21,32,26,28,24
"1473",1333,"1","1","3","3","4",21,28,19,23,28
"1474",1333,"1","1","3","3","4",23,31,24,26,27
"1475",1334,"2","2","3","3","2",21,18,15,18,14
"1476",1334,"2","2","3","3","2",18,20,18,16,18
"1477",1336,"2","1","2","2","2",17,14,18,16,18
"1478",1336,"2","1","2","2","2",18,14,20,15,18
"1479",1337,"2","1","4","5","3",17,18,17,14,16
"1480",1337,"2","1","4","5","3",15,20,17,24,15
"1481",1338,"2","1","3","4","3",18,24,14,16,21
"1482",1338,"2","1","3","4","3",20,25,17,15,20
"1483",1339,"1","2","2","2","2",22,22,14,12,18
"1484",1339,"1","2","2","2","2",22,20,19,10,18
"1485",1341,"1","2","5","5","5",19,25,22,23,20
"1486",1341,"1","2","5","5","5",22,25,30,25,24
"1487",1345,"2","2","5","3","2",19,14,17,16,17
"1488",1345,"2","2","5","3","2",15,20,14,19,16
"1493",1351,"2","1","5","5","4",20,19,14,13,20
"1494",1351,"2","1","5","5","4",21,21,22,13,22
"1495",1352,"2","2","5","6","4",30,28,28,28,30
"1496",1352,"2","2","5","6","4",29,29,27,29,30
"1497",1353,"1","1","5","6","5",24,32,27,30,32
"1498",1353,"1","1","5","6","5",26,30,30,30,32
"1499",1354,"1","2","2","2","4",7,13,9,17,14
"1500",1354,"1","2","2","2","4",13,20,17,19,15
"1501",1357,"1","1","3","3","3",8,13,14,14,4
"1502",1357,"1","1","3","3","3",12,18,13,16,12
"1505",1359,"1","2","4","6","4",24,28,28,22,22
"1506",1359,"1","2","4","6","4",19,31,31,27,26
"1507",1360,"2","2","3","3","7",15,13,13,9,17
"1508",1360,"2","2","3","3","7",17,17,18,16,20
"1509",1361,"1","2","5","4","4",20,26,23,26,28
"1510",1361,"1","2","5","4","4",27,32,32,29,30
"1511",1365,"2","1","3","4","5",22,24,28,23,30
"1512",1365,"2","1","3","4","5",24,27,26,23,29
"1513",1366,"1","1","4","3","2",14,23,15,11,12
"1514",1366,"1","1","4","3","2",13,22,18,12,14
"1515",1367,"1","1","3","3","2",22,24,16,11,16
"1516",1367,"1","1","3","3","2",18,24,20,26,18
"1517",1369,"2","2","3","4","2",18,11,18,11,17
"1518",1369,"2","2","3","4","2",20,23,24,16,22
"1519",1370,"1","2","3","3","2",25,24,24,23,27
"1520",1370,"1","2","3","3","2",26,25,29,26,28
"1521",1371,"2","1","2","4","2",20,13,18,16,18
"1522",1371,"2","1","2","4","2",23,15,23,15,19
"1523",1372,"1","1","5","6","5",20,21,15,22,21
"1524",1372,"1","1","5","6","5",20,20,18,24,18
"1525",1374,"1","1","6","5","5",23,27,25,28,26
"1526",1374,"1","1","6","5","5",21,32,28,28,23
"1527",1375,"2","1","3","4","2",18,20,20,15,21
"1528",1375,"2","1","3","4","2",20,20,21,15,21
"1529",1378,"2","1","3","5","4",21,20,21,16,17
"1530",1378,"2","1","3","5","4",19,17,20,23,18
"1531",1379,"2","1","3","4","4",24,24,29,23,27
"1532",1379,"2","1","3","4","4",29,30,28,28,29
"1535",1383,"1","2","6","6","7",20,28,26,28,24
"1536",1383,"1","2","6","6","7",21,21,14,15,14
"1537",1384,"2","1","2","2","2",19,13,14,12,12
"1538",1384,"2","1","2","2","2",19,14,17,12,13
"1539",1386,"2","1","2","3","2",15,11,16,20,19
"1540",1386,"2","1","2","3","2",20,21,20,11,20
"1541",1387,"2","2","3","5","3",20,22,20,17,25
"1542",1387,"2","2","3","5","3",21,26,19,16,23
"1543",1388,"2","2","4","4","2",27,20,18,24,21
"1544",1388,"2","2","4","4","2",21,14,18,19,20
"1545",1390,"2","1","2","2","2",19,11,18,14,17
"1546",1390,"2","1","2","2","2",21,15,18,23,17
"1549",1392,"2","2","3","2","5",17,22,15,12,18
"1550",1392,"2","2","3","2","5",19,17,20,16,16
"1551",1393,"1","2","2","1","2",23,26,23,26,27
"1552",1393,"1","2","2","1","2",25,12,22,25,26
"1555",1395,"1","1","3","3","2",13,32,21,25,18
"1556",1395,"1","1","3","3","2",10,31,24,26,20
"1557",1396,"2","1","2","3","3",20,13,16,17,16
"1558",1396,"2","1","2","3","3",19,19,16,20,17
"1559",1397,"2","2","3","3","2",27,25,23,24,22
"1560",1397,"2","2","3","3","2",21,23,20,19,21
"1561",1398,"1","1","2","2","3",11,12,14,16,14
"1562",1398,"1","1","2","2","3",12,10,15,16,15
"1563",1399,"2","2","4","6","3",16,14,23,19,20
"1564",1399,"2","2","4","6","3",20,16,23,25,27
"1565",1402,"2","1","5","3","3",23,17,20,24,19
"1566",1402,"2","1","5","3","3",22,17,24,21,22
"1569",1405,"1","1","3","4","3",9,21,16,11,18
"1570",1405,"1","1","3","4","3",15,20,17,12,17
"1571",1408,"2","1","3","4","2",13,11,17,13,19
"1572",1408,"2","1","3","4","2",17,11,18,10,19
"1573",1411,"1","2","4","6","5",17,20,19,16,24
"1574",1411,"1","2","4","6","5",16,24,19,23,24
"1575",1414,"2","1","3","3","2",17,17,16,22,24
"1576",1414,"2","1","3","3","2",22,17,21,14,27
"1577",1417,"1","1","4","6","6",20,24,28,27,29
"1578",1417,"1","1","4","6","6",20,32,30,30,30
"1579",1418,"1","1","4","4","4",24,25,22,25,22
"1580",1418,"1","1","4","4","4",19,28,23,26,22
"1581",1421,"2","1","3","3","2",19,21,19,15,21
"1582",1421,"2","1","3","3","2",19,18,17,15,22
"1583",1424,"2","2","5","4","4",27,19,31,28,29
"1584",1424,"2","2","5","4","4",25,20,27,27,28
"1585",1426,"2","1","2","1","2",18,14,18,18,18
"1586",1426,"2","1","2","1","2",17,13,18,19,16
"1587",1429,"2","2","6","5","4",16,19,19,20,23
"1588",1429,"2","2","6","5","4",12,17,18,16,23
"1589",1430,"2","1","1","3","2",23,14,22,25,18
"1590",1430,"2","1","1","3","2",26,12,23,20,18
"1591",1431,"1","1","1","2","2",12,21,16,18,16
"1592",1431,"1","1","1","2","2",19,20,19,18,20
"1593",1432,"2","1","3","3","2",15,14,10,12,12
"1594",1432,"2","1","3","3","2",17,19,17,21,14
"1595",1433,"1","2","1","3","1",22,14,19,20,14
"1596",1433,"1","2","1","3","1",27,22,24,28,25
"1597",1434,"1","1","2","1","1",18,20,17,20,15
"1598",1434,"1","1","2","1","1",17,16,18,12,15
"1599",1437,"1","2","3","4","4",24,30,27,29,28
"1600",1437,"1","2","3","4","4",20,20,21,24,23
"1603",1439,"2","1","4","6","7",19,23,24,23,21
"1604",1439,"2","1","4","6","7",22,29,27,23,25
"1605",1440,"2","2","1","1","1",17,11,17,13,13
"1606",1440,"2","2","1","1","1",17,10,19,10,14
"1607",1442,"1","1","3","5","4",24,30,21,23,22
"1608",1442,"1","1","3","5","4",20,22,20,23,20
"1609",1445,"1","1","4","5","4",5,12,4,3,11
"1610",1445,"1","1","4","5","4",6,13,3,6,15
"1611",1446,"2","1","5","4","4",21,19,20,25,18
"1612",1446,"2","1","5","4","4",16,11,16,12,14
"1613",1447,"2","1","3","2","2",14,18,15,17,19
"1614",1447,"2","1","3","2","2",18,14,16,14,14
"1615",1453,"1","1","4","3","4",27,25,27,24,28
"1616",1453,"1","1","4","3","4",26,22,25,27,28
"1617",1455,"2","1","4","5","4",20,21,22,17,19
"1618",1455,"2","1","4","5","4",24,23,20,11,18
"1619",1456,"1","1","4","5","5",29,34,25,28,30
"1620",1456,"1","1","4","5","5",24,35,23,30,28
"1621",1457,"2","2","3","3","4",23,27,28,26,27
"1622",1457,"2","2","3","3","4",20,21,25,24,22
"1623",1459,"1","1","3","3","2",11,13,15,13,16
"1624",1459,"1","1","3","3","2",19,14,19,16,17
"1625",1460,"1","1","3","3","4",15,25,23,26,22
"1626",1460,"1","1","3","3","4",18,22,27,21,20
"1627",1461,"1","1","1","1","1",22,25,25,23,23
"1628",1461,"1","1","1","1","1",21,27,25,22,23
"1629",1465,"2","1","5","5","3",24,30,23,21,23
"1630",1465,"2","1","5","5","3",22,28,20,20,20
"1631",1466,"2","1","3","4","3",27,26,25,26,28
"1632",1466,"2","1","3","4","3",24,26,25,25,24
"1633",1468,"2","2","3","4","2",16,20,9,12,16
"1634",1468,"2","2","3","4","2",22,20,21,22,21
"1635",1470,"2","1","1","1","1",13,10,13,12,16
"1636",1470,"2","1","1","1","1",13,12,8,7,15
"1637",1473,"1","1","3","5","3",22,29,23,23,21
"1638",1473,"1","1","3","5","3",26,30,25,25,24
"1641",1477,"1","2","4","2","2",24,24,27,28,18
"1642",1477,"1","2","4","2","2",22,22,24,24,20
"1643",1478,"2","1","2","4","3",15,17,18,19,23
"1644",1478,"2","1","2","4","3",17,18,12,14,23
"1645",1481,"2","2","2","3","1",16,13,17,13,18
"1646",1481,"2","2","2","3","1",20,16,17,15,23
"1647",1484,"2","1","5","3","5",22,23,20,22,23
"1648",1484,"2","1","5","3","5",26,24,23,23,26
"1649",1485,"1","1","4","4","1",21,30,28,25,27
"1650",1485,"1","1","4","4","1",21,29,24,25,23
"1651",1486,"2","2","3","4","2",24,14,20,18,20
"1652",1486,"2","2","3","4","2",26,19,20,18,21
"1653",1491,"1","1","3","3","3",22,30,25,27,23
"1654",1491,"1","1","3","3","3",24,25,26,29,23
"1655",1493,"1","2","5","6","3",15,25,16,14,23
"1656",1493,"1","2","5","6","3",9,8,13,8,14
"1657",1494,"1","1","3","1","1",27,29,28,32,27
"1658",1494,"1","1","3","1","1",26,28,29,31,32
"1659",1495,"1","2","4","3","2",24,20,22,18,21
"1660",1495,"1","2","4","3","2",24,28,18,24,20
"1661",1496,"2","2","3","4","5",22,19,22,18,20
"1662",1496,"2","2","3","4","5",20,21,15,21,20
"1663",1497,"1","2","3","5","4",23,33,25,23,24
"1664",1497,"1","2","3","5","4",14,23,23,24,22
"1665",1499,"2","2","3","6","3",9,13,12,6,13
"1666",1499,"2","2","3","6","3",12,14,13,11,15
"1667",1500,"1","2","1","4","2",23,29,24,19,23
"1668",1500,"1","2","1","4","2",17,24,20,21,22
"1669",1501,"1","2","1","1","1",15,21,22,19,21
"1670",1501,"1","2","1","1","1",20,22,25,25,24
"1671",1503,"1","1","3","4","4",16,22,26,23,25
"1672",1503,"1","1","3","4","4",18,23,24,21,27
"1673",1504,"2","1","4","4","3",18,12,20,15,19
"1674",1504,"2","1","4","4","3",17,7,18,11,21
"1675",1505,"2","2","3","4","2",23,14,24,20,25
"1676",1505,"2","2","3","4","2",20,25,18,25,21
